Rank,Score,Stat,Season,lgID
0,0.180323129,AVG,2008,AL
1,0.158395505,RBI/PA,2008,AL
2,0.112378104,FP,2008,AL
3,0.108518201,OBP,2008,AL
4,0.096430619,WAR_bat,2008,AL
5,0.068075005,PA,2008,AL
6,0.045569104,R/PA,2008,AL
7,0.036663842,HR/PA,2008,AL
8,0.025093904,SLG,2008,AL
9,0.02266184,SB,2008,AL
0,0.338723764,SLG,2009,AL
1,0.208009808,Pos_1B,2009,AL
2,0.096538151,AVG,2009,AL
3,0.092520849,wOBA,2009,AL
4,0.072376992,OBP,2009,AL
5,0.044383841,Pos_SS,2009,AL
6,0.041743537,WAR_bat,2009,AL
7,0.032560953,PA,2009,AL
8,0.02423542,HR/PA,2009,AL
9,0.013026031,R/PA,2009,AL
0,0.257912931,R/PA,2010,AL
1,0.185285042,AVG,2010,AL
2,0.158112423,WAR_bat,2010,AL
3,0.116406174,SLG,2010,AL
4,0.088022326,wOBA,2010,AL
5,0.061228838,OBP,2010,AL
6,0.026419543,PA,2010,AL
7,0.018881851,HR/PA,2010,AL
8,0.017011516,Pos_2B,2010,AL
9,0.016515811,SB,2010,AL
0,0.236732792,wOBA,2011,AL
1,0.158963294,R/PA,2011,AL
2,0.130294791,SLG,2011,AL
3,0.073760068,AVG,2011,AL
4,0.056520094,WAR_bat,2011,AL
5,0.050045856,W_pit,2011,AL
6,0.046658609,IP,2011,AL
7,0.04299969,WAR_pit,2011,AL
8,0.028413895,PA,2011,AL
9,0.023765906,Pos_CF,2011,AL
0,0.438304486,WAR_bat,2012,AL
1,0.089846802,R/PA,2012,AL
2,0.087128599,SLG,2012,AL
3,0.082420993,Pos_3B,2012,AL
4,0.063279625,HR/PA,2012,AL
5,0.050366396,PA,2012,AL
6,0.0471159,AVG,2012,AL
7,0.042928221,Pos_CF,2012,AL
8,0.020541989,OBP,2012,AL
9,0.018050825,wOBA,2012,AL
0,0.66235763,WAR_bat,2013,AL
1,0.1017817,PA,2013,AL
2,0.072089103,OBP,2013,AL
3,0.050502467,wOBA,2013,AL
4,0.022004598,AVG,2013,AL
5,0.021134754,HR/PA,2013,AL
6,0.015823073,SLG,2013,AL
7,0.012154813,R/PA,2013,AL
8,0.011743584,Pos_3B,2013,AL
9,0.010344469,RBI/PA,2013,AL
0,0.262636875,wOBA,2014,AL
1,0.166410214,SLG,2014,AL
2,0.126859725,R/PA,2014,AL
3,0.112883998,WAR_bat,2014,AL
4,0.081146516,OBP,2014,AL
5,0.05042694,PA,2014,AL
6,0.044501057,RBI/PA,2014,AL
7,0.043786347,Pos_CF,2014,AL
8,0.034334997,AVG,2014,AL
9,0.031655868,HR/PA,2014,AL
0,0.549860152,WAR_bat,2015,AL
1,0.153341,R/PA,2015,AL
2,0.075107615,SLG,2015,AL
3,0.033838981,PA,2015,AL
4,0.033778294,wOBA,2015,AL
5,0.027798285,FP,2015,AL
6,0.015271459,OBP,2015,AL
7,0.012408349,SB,2015,AL
8,0.011247151,Pos_RF,2015,AL
9,0.009343974,HR/PA,2015,AL
0,0.495410276,WAR_bat,2016,AL
1,0.114885776,AVG,2016,AL
2,0.090409983,SB,2016,AL
3,0.073161224,OBP,2016,AL
4,0.048841482,wOBA,2016,AL
5,0.046236151,R/PA,2016,AL
6,0.042454831,RBI/PA,2016,AL
7,0.022725062,SLG,2016,AL
8,0.01929659,PA,2016,AL
9,0.015219778,FP,2016,AL
0,0.732621507,WAR_bat,2017,AL
1,0.042422028,HR/PA,2017,AL
2,0.040618806,SB,2017,AL
3,0.029627078,R/PA,2017,AL
4,0.02798548,OBP,2017,AL
5,0.027187311,PA,2017,AL
6,0.022418845,RBI/PA,2017,AL
7,0.018332717,SLG,2017,AL
8,0.01626599,AVG,2017,AL
9,0.01189044,FP,2017,AL
0,0.710558324,WAR_bat,2018,AL
1,0.074080486,R/PA,2018,AL
2,0.070283831,SLG,2018,AL
3,0.046117475,wOBA,2018,AL
4,0.025693946,AVG,2018,AL
5,0.019565301,OBP,2018,AL
6,0.011833985,Pos_RF,2018,AL
7,0.011072869,SB,2018,AL
8,0.008121797,PA,2018,AL
9,0.004703064,Pos_3B,2018,AL
0,0.255584344,RBI/PA,2008,NL
1,0.227834961,HR/PA,2008,NL
2,0.097563222,SLG,2008,NL
3,0.085960942,WAR_bat,2008,NL
4,0.068719268,wOBA,2008,NL
5,0.057659316,FP,2008,NL
6,0.035435091,OBP,2008,NL
7,0.026221748,PA,2008,NL
8,0.01973649,AVG,2008,NL
9,0.019152293,Pos_1B,2008,NL
0,0.43057979,RBI/PA,2009,NL
1,0.127029744,WAR_bat,2009,NL
2,0.110589098,SLG,2009,NL
3,0.078817029,R/PA,2009,NL
4,0.072778075,HR/PA,2009,NL
5,0.04144855,PA,2009,NL
6,0.026790057,wOBA,2009,NL
7,0.026124172,AVG,2009,NL
8,0.023943649,SB,2009,NL
9,0.021572371,OBP,2009,NL
0,0.176340879,SLG,2010,NL
1,0.161430789,wOBA,2010,NL
2,0.135481348,PA,2010,NL
3,0.104074609,R/PA,2010,NL
4,0.076554297,AVG,2010,NL
5,0.076194728,HR/PA,2010,NL
6,0.062204239,OBP,2010,NL
7,0.051570976,RBI/PA,2010,NL
8,0.045811132,WAR_bat,2010,NL
9,0.026130132,SB,2010,NL
0,0.197159224,wOBA,2011,NL
1,0.160445807,R/PA,2011,NL
2,0.155172038,WAR_bat,2011,NL
3,0.143226527,SLG,2011,NL
4,0.093436821,PA,2011,NL
5,0.058494186,HR/PA,2011,NL
6,0.056969314,RBI/PA,2011,NL
7,0.051740544,OBP,2011,NL
8,0.021666421,SB,2011,NL
9,0.020696957,AVG,2011,NL
0,0.675357326,WAR_bat,2012,NL
1,0.104142543,AVG,2012,NL
2,0.029863838,SLG,2012,NL
3,0.025690685,wOBA,2012,NL
4,0.022742576,R/PA,2012,NL
5,0.021852651,FP,2012,NL
6,0.021524081,OBP,2012,NL
7,0.016213814,HR/PA,2012,NL
8,0.01478414,RBI/PA,2012,NL
9,0.013593586,SB,2012,NL
0,0.530602058,WAR_bat,2013,NL
1,0.062570111,RBI/PA,2013,NL
2,0.054447644,OBP,2013,NL
3,0.051588682,AVG,2013,NL
4,0.051584994,SB,2013,NL
5,0.047556805,PA,2013,NL
6,0.042695481,FP,2013,NL
7,0.032758063,HR/PA,2013,NL
8,0.030357749,WAR_pit,2013,NL
9,0.020354502,SLG,2013,NL
0,0.509132978,WAR_bat,2014,NL
1,0.059413842,FP,2014,NL
2,0.05236066,WAR_pit,2014,NL
3,0.047656945,PA,2014,NL
4,0.045592822,W_pit,2014,NL
5,0.034706007,CG,2014,NL
6,0.032605195,K/9,2014,NL
7,0.029117369,RBI/PA,2014,NL
8,0.024030209,HR/PA,2014,NL
9,0.024006323,AVG,2014,NL
0,0.198728681,wOBA,2015,NL
1,0.157268986,OBP,2015,NL
2,0.091332303,HR/PA,2015,NL
3,0.088649262,WAR_bat,2015,NL
4,0.079942769,PA,2015,NL
5,0.05605229,RBI/PA,2015,NL
6,0.055593196,SLG,2015,NL
7,0.054888407,R/PA,2015,NL
8,0.054876598,AVG,2015,NL
9,0.042650308,FP,2015,NL
0,0.321237471,WAR_bat,2016,NL
1,0.264201805,SLG,2016,NL
2,0.094870186,PA,2016,NL
3,0.071204039,R/PA,2016,NL
4,0.051687959,wOBA,2016,NL
5,0.043984972,RBI/PA,2016,NL
6,0.034449705,FP,2016,NL
7,0.030375671,OBP,2016,NL
8,0.025573504,SB,2016,NL
9,0.014844395,HR/PA,2016,NL
0,0.384778456,PA,2017,NL
1,0.277076963,WAR_bat,2017,NL
2,0.06674395,wOBA,2017,NL
3,0.054230861,SLG,2017,NL
4,0.047164675,HR/PA,2017,NL
5,0.032352122,R/PA,2017,NL
6,0.028819383,SB,2017,NL
7,0.025092864,Pos_3B,2017,NL
8,0.019349556,RBI/PA,2017,NL
9,0.018108039,Playoffs,2017,NL
0,0.227494914,WAR_bat,2018,NL
1,0.125487214,SLG,2018,NL
2,0.109001184,SB,2018,NL
3,0.10508729,PA,2018,NL
4,0.083994256,RBI/PA,2018,NL
5,0.073115435,R/PA,2018,NL
6,0.051721758,wOBA,2018,NL
7,0.046326081,AVG,2018,NL
8,0.034364463,OBP,2018,NL
9,0.023114093,Pos_2B,2018,NL
0,0.17175404836177885,G_pit,1984,AL
1,0.1549188821001802,SV,1984,AL
2,0.12473260271188236,SLG,1984,AL
3,0.12180742539424222,OBP,1984,AL
4,0.07173428813843237,AVG,1984,AL
5,0.06640707665664349,K/9,1984,AL
6,0.04510230273581161,FP,1984,AL
7,0.03662125775647666,R/PA,1984,AL
8,0.032641042031623255,RBI/PA,1984,AL
9,0.028591990305823937,SB,1984,AL
0,0.33924819652606203,OBP,1985,AL
1,0.21554178467238413,SLG,1985,AL
2,0.20964620345264018,AVG,1985,AL
3,0.05548106459422835,RBI/PA,1985,AL
4,0.05195834865210264,FP,1985,AL
5,0.03701674696936362,R/PA,1985,AL
6,0.014931482823057226,HR/PA,1985,AL
7,0.011550091902146264,PA,1985,AL
8,0.010178953133755438,Pos_3B,1985,AL
9,0.009573568348085764,Playoffs,1985,AL
0,0.19924800675194468,R/PA,1986,AL
1,0.11905044614123672,SLG,1986,AL
2,0.1040695056662668,AVG,1986,AL
3,0.10369596856340996,FP,1986,AL
4,0.09582212000707602,K/9,1986,AL
5,0.09118731194384976,W_pit,1986,AL
6,0.07862246427734713,OBP,1986,AL
7,0.04735788741921145,PA,1986,AL
8,0.040947775384220085,SB,1986,AL
9,0.024345088434314755,Pos_LF,1986,AL
0,0.2952851467010316,R/PA,1987,AL
1,0.20676021547604195,AVG,1987,AL
2,0.1312553764624268,SLG,1987,AL
3,0.1203830597079293,RBI/PA,1987,AL
4,0.0408727343889208,Pos_SS,1987,AL
5,0.03848121816930453,PA,1987,AL
6,0.038409681332892014,OBP,1987,AL
7,0.027573644137003334,FP,1987,AL
8,0.02160671505880956,Pos_LF,1987,AL
9,0.02063332749471878,Pos_CF,1987,AL
0,0.31494535065517926,RBI/PA,1988,AL
1,0.2771142277382455,AVG,1988,AL
2,0.10738618386185982,OBP,1988,AL
3,0.09538393046800153,SLG,1988,AL
4,0.08600183004398723,SV,1988,AL
5,0.023390018073701512,HR/PA,1988,AL
6,0.0212833673180504,PA,1988,AL
7,0.014607710234616282,Pos_RF,1988,AL
8,0.011886897461191556,R/PA,1988,AL
9,0.011279595111535975,SB,1988,AL
0,0.2880792765653139,SLG,1989,AL
1,0.13157177008303425,PA,1989,AL
2,0.08164022139743132,R/PA,1989,AL
3,0.07307711992775917,Pos_SS,1989,AL
4,0.06068018512577408,OBP,1989,AL
5,0.05216830186982509,RBI/PA,1989,AL
6,0.049176177955843496,SB,1989,AL
7,0.04083142711285308,FP,1989,AL
8,0.03832669648371011,AVG,1989,AL
9,0.035590662423949905,HR/PA,1989,AL
0,0.26137605795886326,R/PA,1990,AL
1,0.15789919521121987,SLG,1990,AL
2,0.1308142641652415,K/9,1990,AL
3,0.056089130260387816,FP,1990,AL
4,0.05231976307662359,SV,1990,AL
5,0.04788592841618788,RBI/PA,1990,AL
6,0.03557584739666204,G_pit,1990,AL
7,0.035428695275354305,SB,1990,AL
8,0.03193176114120862,HR/PA,1990,AL
9,0.027553667047806325,OBP,1990,AL
0,0.2618972583723274,HR/PA,1991,AL
1,0.1682058865221821,RBI/PA,1991,AL
2,0.11096302736567709,Pos_SS,1991,AL
3,0.10570371716798116,PA,1991,AL
4,0.09085984133028142,SLG,1991,AL
5,0.0804483527873982,SB,1991,AL
6,0.04229079714164959,OBP,1991,AL
7,0.032769762295933154,FP,1991,AL
8,0.031706498464297954,AVG,1991,AL
9,0.022601775459713206,Pos_1B,1991,AL
0,0.27589105952234366,FP,1992,AL
1,0.13155719109868688,R/PA,1992,AL
2,0.0800131874466757,PA,1992,AL
3,0.07540034880901483,Playoffs,1992,AL
4,0.062384440984420746,K/9,1992,AL
5,0.05425719246839093,OBP,1992,AL
6,0.048610070790493835,G_pit,1992,AL
7,0.04734567044194878,RBI/PA,1992,AL
8,0.04279038039899474,SLG,1992,AL
9,0.04110061837404064,SV,1992,AL
0,0.41070316318787803,SLG,1993,AL
1,0.14201334332877624,R/PA,1993,AL
2,0.12160751007972143,AVG,1993,AL
3,0.07631475070887389,RBI/PA,1993,AL
4,0.07421690955091746,HR/PA,1993,AL
5,0.04855677152752546,PA,1993,AL
6,0.042798844943932816,OBP,1993,AL
7,0.0425882923107803,SB,1993,AL
8,0.018145934888344935,FP,1993,AL
9,0.005676888756222076,Pos_2B,1993,AL
0,0.39348806443005213,R/PA,1994,AL
1,0.18274162596063726,SLG,1994,AL
2,0.1676986393149208,AVG,1994,AL
3,0.05146867706757605,OBP,1994,AL
4,0.04337094093422757,HR/PA,1994,AL
5,0.037985812121590995,RBI/PA,1994,AL
6,0.027994883519643382,Pos_CF,1994,AL
7,0.022847516290830483,W_pit,1994,AL
8,0.01611286686802234,PA,1994,AL
9,0.013089375197365014,SB,1994,AL
0,0.3770176120952564,PA,1995,AL
1,0.1373788082414662,RBI/PA,1995,AL
2,0.09648305137522074,SLG,1995,AL
3,0.07565904458333568,FP,1995,AL
4,0.04909180174813667,R/PA,1995,AL
5,0.04584609153241367,SB,1995,AL
6,0.04144051741613542,Playoffs,1995,AL
7,0.02678954144115043,AVG,1995,AL
8,0.024491622780586947,OBP,1995,AL
9,0.0238410301307779,Pos_LF,1995,AL
0,0.33046140549377123,RBI/PA,1996,AL
1,0.3292505470775918,SLG,1996,AL
2,0.06128953128586035,Pos_1B,1996,AL
3,0.0530401098425642,FP,1996,AL
4,0.0437875788060679,R/PA,1996,AL
5,0.0353072918824776,AVG,1996,AL
6,0.03529583214381764,PA,1996,AL
7,0.032296929323808315,HR/PA,1996,AL
8,0.022738795715442586,SB,1996,AL
9,0.019522299823303987,OBP,1996,AL
0,0.45092857311551227,RBI/PA,1997,AL
1,0.10363471087143603,HR/PA,1997,AL
2,0.07647043192877497,SLG,1997,AL
3,0.06479180287785218,PA,1997,AL
4,0.05781887388075338,Pos_CF,1997,AL
5,0.05428527177582847,R/PA,1997,AL
6,0.028288925780315454,FP,1997,AL
7,0.028141453546725474,SV,1997,AL
8,0.027986846340488807,BB/9,1997,AL
9,0.020730664380660502,SB,1997,AL
0,0.2901742110809959,R/PA,1998,AL
1,0.2829827015740771,RBI/PA,1998,AL
2,0.15367815986957548,PA,1998,AL
3,0.08358348854996851,AVG,1998,AL
4,0.061047772353314614,SLG,1998,AL
5,0.029771844343986335,HR/PA,1998,AL
6,0.027046000761886742,FP,1998,AL
7,0.01730990227714343,SB,1998,AL
8,0.012740745976117263,OBP,1998,AL
9,0.010801504025550123,Pos_SS,1998,AL
0,0.16170875146655922,R/PA,1999,AL
1,0.14649736493841337,OBP,1999,AL
2,0.1332914781396684,FP,1999,AL
3,0.130183282222543,Playoffs,1999,AL
4,0.09979558583835763,AVG,1999,AL
5,0.06563292534476423,SLG,1999,AL
6,0.04556413596527818,Pos_C,1999,AL
7,0.041921071117560875,SB,1999,AL
8,0.03463871212042964,PA,1999,AL
9,0.03258150439367546,HR/PA,1999,AL
0,0.4145588647856737,SLG,2000,AL
1,0.21043087563812135,OBP,2000,AL
2,0.11448049752025424,HR/PA,2000,AL
3,0.0610649482503316,FP,2000,AL
4,0.04719078832319561,Pos_1B,2000,AL
5,0.029696647166124253,AVG,2000,AL
6,0.02829925733242202,RBI/PA,2000,AL
7,0.026787296105707882,R/PA,2000,AL
8,0.026618227509089872,PA,2000,AL
9,0.008172806446716824,Playoffs,2000,AL
0,0.4298407848429956,R/PA,2001,AL
1,0.41622064245921664,AVG,2001,AL
2,0.03505644518274023,SLG,2001,AL
3,0.026956252920781718,HR/PA,2001,AL
4,0.01760108425391587,OBP,2001,AL
5,0.01518078356984567,RBI/PA,2001,AL
6,0.013377337375729687,SB,2001,AL
7,0.00860555454297758,Pos_RF,2001,AL
8,0.007561005310247376,PA,2001,AL
9,0.005138836186209276,FP,2001,AL
0,0.33335169194419667,PA,2002,AL
1,0.13297553626294484,RBI/PA,2002,AL
2,0.13102741813421273,HR/PA,2002,AL
3,0.10221456555444829,R/PA,2002,AL
4,0.0858536937109132,SLG,2002,AL
5,0.04185915548737913,Pos_SS,2002,AL
6,0.03919272518820625,SB,2002,AL
7,0.02799789045764862,FP,2002,AL
8,0.02255447692642394,Playoffs,2002,AL
9,0.022387552487792527,AVG,2002,AL
0,0.24304497457618324,SLG,2003,AL
1,0.17573320095517264,RBI/PA,2003,AL
2,0.16542564810144814,OBP,2003,AL
3,0.11686600163985808,HR/PA,2003,AL
4,0.1072567158214354,R/PA,2003,AL
5,0.04042651038628256,Pos_LF,2003,AL
6,0.033782637955805724,AVG,2003,AL
7,0.025838150507910957,PA,2003,AL
8,0.02331047306819207,FP,2003,AL
9,0.02038899197749734,Pos_C,2003,AL
0,0.23171910270632376,RBI/PA,2004,AL
1,0.2309166822355557,SLG,2004,AL
2,0.20984346280627914,Pos_RF,2004,AL
3,0.08717191723800362,HR/PA,2004,AL
4,0.07568290920155968,PA,2004,AL
5,0.05317972710353262,R/PA,2004,AL
6,0.02829818140294399,AVG,2004,AL
7,0.025216848954739638,OBP,2004,AL
8,0.012994440415173943,Playoffs,2004,AL
9,0.011028191931122514,SB,2004,AL
0,0.5697278811258374,SLG,2005,AL
1,0.1573002015055982,HR/PA,2005,AL
2,0.09761733859042959,OBP,2005,AL
3,0.05831638174886851,R/PA,2005,AL
4,0.020519282229633794,Pos_RF,2005,AL
5,0.01883188707933022,PA,2005,AL
6,0.01613341170266498,RBI/PA,2005,AL
7,0.016086365299396155,FP,2005,AL
8,0.014099186406670823,AVG,2005,AL
9,0.007590463389056704,G_pit,2005,AL
0,0.3798129840105801,RBI/PA,2006,AL
1,0.2279175812259476,AVG,2006,AL
2,0.08265010124955474,HR/PA,2006,AL
3,0.08053796302566814,OBP,2006,AL
4,0.04196644732981465,IP,2006,AL
5,0.034368777985044084,SB,2006,AL
6,0.03045515918301619,SLG,2006,AL
7,0.029270200351176664,FP,2006,AL
8,0.026784620918262902,R/PA,2006,AL
9,0.02462967989082095,PA,2006,AL
0,0.5547221714730461,RBI/PA,2007,AL
1,0.0837272732975933,OBP,2007,AL
2,0.06880116224952816,R/PA,2007,AL
3,0.06275841996002558,SLG,2007,AL
4,0.05034839568525169,HR/PA,2007,AL
5,0.045943340244633764,PA,2007,AL
6,0.029327949480152892,AVG,2007,AL
7,0.026182158337905836,Pos_RF,2007,AL
8,0.023402794478163288,SB,2007,AL
9,0.019085569166508082,Pos_C,2007,AL
0,0.5791499174855169,AVG,1984,NL
1,0.19721751417003816,OBP,1984,NL
2,0.05680215088119668,R/PA,1984,NL
3,0.025316030909874943,Pos_RF,1984,NL
4,0.0220615303926767,FP,1984,NL
5,0.01964100211942531,PA,1984,NL
6,0.019394855824171324,SLG,1984,NL
7,0.016675746102179704,Pos_2B,1984,NL
8,0.01173618738007187,SB,1984,NL
9,0.009641392586459845,HR/PA,1984,NL
0,0.19377837813129303,AVG,1985,NL
1,0.1927968590797959,SLG,1985,NL
2,0.11065514502338483,R/PA,1985,NL
3,0.09309548635013663,HR/PA,1985,NL
4,0.08443835225063678,PA,1985,NL
5,0.05187767598579376,OBP,1985,NL
6,0.04918267455985791,RBI/PA,1985,NL
7,0.032221236794814784,FP,1985,NL
8,0.030048763509414152,IP,1985,NL
9,0.029045299727354236,K/9,1985,NL
0,0.2322319331562584,RBI/PA,1986,NL
1,0.20072368773574126,HR/PA,1986,NL
2,0.11820110157944,OBP,1986,NL
3,0.08034684223411731,FP,1986,NL
4,0.07787810700561891,PA,1986,NL
5,0.07543290879890092,SLG,1986,NL
6,0.04782540865725271,SB,1986,NL
7,0.04419408721576557,R/PA,1986,NL
8,0.03590209769582497,Pos_1B,1986,NL
9,0.03235345510941183,AVG,1986,NL
0,0.4767792783623408,RBI/PA,1987,NL
1,0.08318290258559541,Pos_SS,1987,NL
2,0.06798650494858337,R/PA,1987,NL
3,0.061849224113689615,OBP,1987,NL
4,0.06036668118300661,AVG,1987,NL
5,0.04961540560999694,HR/PA,1987,NL
6,0.04601220588996668,Playoffs,1987,NL
7,0.04498711516847391,SLG,1987,NL
8,0.029167266528668908,SB,1987,NL
9,0.025660622168192464,Pos_1B,1987,NL
0,0.26448643727415183,HR/PA,1988,NL
1,0.20189630372665893,SLG,1988,NL
2,0.109264150522144,R/PA,1988,NL
3,0.1089032630983315,Pos_LF,1988,NL
4,0.05558618712969785,FP,1988,NL
5,0.044644659281239556,SB,1988,NL
6,0.0376076609858922,AVG,1988,NL
7,0.030189341352961818,OBP,1988,NL
8,0.02400816053146488,Pos_1B,1988,NL
9,0.02035580270500742,PA,1988,NL
0,0.1762364772165706,SLG,1989,NL
1,0.1754118060016644,RBI/PA,1989,NL
2,0.17222856019985117,PA,1989,NL
3,0.15401505708209362,R/PA,1989,NL
4,0.09212195480911257,AVG,1989,NL
5,0.04856383755047675,OBP,1989,NL
6,0.04401046391401449,HR/PA,1989,NL
7,0.03190209086045423,SB,1989,NL
8,0.020912612926191898,Pos_LF,1989,NL
9,0.01695631778707548,Pos_2B,1989,NL
0,0.1990568891806802,R/PA,1990,NL
1,0.1524598730871059,SLG,1990,NL
2,0.1299243184394808,HR/PA,1990,NL
3,0.10631111087393047,PA,1990,NL
4,0.10251137556673595,RBI/PA,1990,NL
5,0.09866905387194586,SB,1990,NL
6,0.050489993832524976,AVG,1990,NL
7,0.035582228076369724,Pos_RF,1990,NL
8,0.028436404455785907,OBP,1990,NL
9,0.017280501965728855,FP,1990,NL
0,0.2969762731625442,SLG,1991,NL
1,0.13731815618653187,AVG,1991,NL
2,0.11090756636834931,OBP,1991,NL
3,0.10076099073594852,R/PA,1991,NL
4,0.06036548330950866,PA,1991,NL
5,0.055289601183247924,SB,1991,NL
6,0.0491082362370712,RBI/PA,1991,NL
7,0.04193983762653377,HR/PA,1991,NL
8,0.04064938574816147,FP,1991,NL
9,0.034225252852716985,Playoffs,1991,NL
0,0.3345399543628678,RBI/PA,1992,NL
1,0.2176876964553318,SLG,1992,NL
2,0.14542632918812917,AVG,1992,NL
3,0.07004988532532024,Playoffs,1992,NL
4,0.06951560357129595,HR/PA,1992,NL
5,0.03616105271349333,R/PA,1992,NL
6,0.02543800273515629,SB,1992,NL
7,0.02340952476339535,Pos_3B,1992,NL
8,0.023236658428663102,OBP,1992,NL
9,0.019578306239366797,PA,1992,NL
0,0.49724432798606727,R/PA,1993,NL
1,0.26159049089381753,HR/PA,1993,NL
2,0.05137609528905002,PA,1993,NL
3,0.028080416665839925,RBI/PA,1993,NL
4,0.026904883546862223,SB,1993,NL
5,0.024681716897566305,Pos_LF,1993,NL
6,0.024265185106765542,OBP,1993,NL
7,0.018508241223208138,SLG,1993,NL
8,0.016504442637732104,AVG,1993,NL
9,0.012128370612680885,Pos_CF,1993,NL
0,0.4225116781425814,HR/PA,1994,NL
1,0.1834835992903192,SLG,1994,NL
2,0.09270730486182643,RBI/PA,1994,NL
3,0.05901323830276978,AVG,1994,NL
4,0.05306803890773131,R/PA,1994,NL
5,0.04228310564802604,OBP,1994,NL
6,0.029171602186805878,FP,1994,NL
7,0.017058430571692776,CG,1994,NL
8,0.015325683915973137,IP,1994,NL
9,0.014884216229325132,Pos_3B,1994,NL
0,0.14441530678120948,R/PA,1995,NL
1,0.12027290025933626,AVG,1995,NL
2,0.10171938818657057,RBI/PA,1995,NL
3,0.1012298590370166,HR/PA,1995,NL
4,0.08929778985957512,SLG,1995,NL
5,0.08631734335566313,SB,1995,NL
6,0.05462281908769499,Pos_SS,1995,NL
7,0.036410794225160845,PA,1995,NL
8,0.03289272155027356,CG,1995,NL
9,0.03180227893946019,IP,1995,NL
0,0.2815960199454461,AVG,1996,NL
1,0.18372070918082348,SLG,1996,NL
2,0.14628043179061495,OBP,1996,NL
3,0.11504706406197,Pos_3B,1996,NL
4,0.07721413029480505,RBI/PA,1996,NL
5,0.05528825057932825,R/PA,1996,NL
6,0.03528064663202607,HR/PA,1996,NL
7,0.033048262579351166,PA,1996,NL
8,0.024332968662581982,FP,1996,NL
9,0.023724872217127636,SB,1996,NL
0,0.3718281314196365,OBP,1997,NL
1,0.2653077142604657,SLG,1997,NL
2,0.07916596829692983,R/PA,1997,NL
3,0.07805816781081437,HR/PA,1997,NL
4,0.06357997021588986,RBI/PA,1997,NL
5,0.040127081907925743,PA,1997,NL
6,0.039629261307050696,AVG,1997,NL
7,0.016400409954658704,SB,1997,NL
8,0.012181731165047833,FP,1997,NL
9,0.007891421494640014,Pos_LF,1997,NL
0,0.31700377450045286,HR/PA,1998,NL
1,0.1735998830734684,RBI/PA,1998,NL
2,0.14794631933106842,SLG,1998,NL
3,0.07610443040226636,OBP,1998,NL
4,0.0618364002276843,R/PA,1998,NL
5,0.04749667121155207,PA,1998,NL
6,0.04314837239515274,SB,1998,NL
7,0.030371145923757715,Pos_LF,1998,NL
8,0.021816448452861653,Playoffs,1998,NL
9,0.017478091421868912,FP,1998,NL
0,0.40000103273033916,Pos_3B,1999,NL
1,0.12885502081821487,PA,1999,NL
2,0.11529179788910471,HR/PA,1999,NL
3,0.10629463348021753,OBP,1999,NL
4,0.06832743104524355,SB,1999,NL
5,0.037365019270511404,RBI/PA,1999,NL
6,0.030646976032072,R/PA,1999,NL
7,0.025710559077727044,FP,1999,NL
8,0.02349901480992436,AVG,1999,NL
9,0.022970308879017194,Pos_1B,1999,NL
0,0.23624621802305443,FP,2000,NL
1,0.1639323275163988,R/PA,2000,NL
2,0.15448347530481726,HR/PA,2000,NL
3,0.09319500268115234,SB,2000,NL
4,0.08189116453873113,PA,2000,NL
5,0.058846824932961055,Pos_2B,2000,NL
6,0.048447395995136575,SLG,2000,NL
7,0.04114457192912636,OBP,2000,NL
8,0.02875790863928558,RBI/PA,2000,NL
9,0.028483339427621136,Playoffs,2000,NL
0,0.40653877436982966,SLG,2001,NL
1,0.232140051794714,HR/PA,2001,NL
2,0.10357171923501013,PA,2001,NL
3,0.07368129808677351,RBI/PA,2001,NL
4,0.0479021530063051,OBP,2001,NL
5,0.043800528705086224,SB,2001,NL
6,0.030171504397264168,R/PA,2001,NL
7,0.01690483857515546,AVG,2001,NL
8,0.01677570889829928,FP,2001,NL
9,0.009149638362133559,Pos_1B,2001,NL
0,0.1828945727494776,R/PA,2002,NL
1,0.18157159414561236,PA,2002,NL
2,0.17888709914434495,RBI/PA,2002,NL
3,0.11971657099182556,HR/PA,2002,NL
4,0.06269324044776568,SLG,2002,NL
5,0.060017854501770856,OBP,2002,NL
6,0.051580632956389566,FP,2002,NL
7,0.04553749516725113,AVG,2002,NL
8,0.039907698664519826,BB/9,2002,NL
9,0.019925179284630164,Pos_LF,2002,NL
0,0.27178970208539216,SLG,2003,NL
1,0.16624082672298568,R/PA,2003,NL
2,0.1422307228033262,HR/PA,2003,NL
3,0.1077849504853975,OBP,2003,NL
4,0.09260194977113123,RBI/PA,2003,NL
5,0.061243806432331425,AVG,2003,NL
6,0.03662621557484109,FP,2003,NL
7,0.02791835176529177,PA,2003,NL
8,0.015274725060078442,K/9,2003,NL
9,0.013534742409643639,SV,2003,NL
0,0.4500198463368454,SLG,2004,NL
1,0.22155329504955182,R/PA,2004,NL
2,0.12175170864485982,HR/PA,2004,NL
3,0.06057899947175915,RBI/PA,2004,NL
4,0.044406129213408814,OBP,2004,NL
5,0.03244191559752514,AVG,2004,NL
6,0.013682236347858262,FP,2004,NL
7,0.009189211227793226,SB,2004,NL
8,0.008429234231756772,PA,2004,NL
9,0.00750555137846123,Playoffs,2004,NL
0,0.2617481844180643,HR/PA,2005,NL
1,0.25405923246581347,SLG,2005,NL
2,0.11542642143713029,AVG,2005,NL
3,0.10309334254020194,RBI/PA,2005,NL
4,0.0709471997221483,R/PA,2005,NL
5,0.05780539919136846,OBP,2005,NL
6,0.049702035983805466,FP,2005,NL
7,0.021447607279330722,Pos_3B,2005,NL
8,0.020810782685586914,SB,2005,NL
9,0.014272796512365413,PA,2005,NL
0,0.34156179881147813,HR/PA,2006,NL
1,0.1811666702883235,OBP,2006,NL
2,0.18043494661868556,SLG,2006,NL
3,0.1410270203099601,RBI/PA,2006,NL
4,0.044217747496864156,SB,2006,NL
5,0.02874947084519598,R/PA,2006,NL
6,0.01888932067160407,AVG,2006,NL
7,0.01846960315394329,FP,2006,NL
8,0.01822301500696346,PA,2006,NL
9,0.0093278367582897,Pos_2B,2006,NL
0,0.26811248542864774,PA,2007,NL
1,0.2192370382358927,R/PA,2007,NL
2,0.11915878564368673,OBP,2007,NL
3,0.11060260322652063,AVG,2007,NL
4,0.08382906862890235,SLG,2007,NL
5,0.07422053829039175,HR/PA,2007,NL
6,0.039791090680851446,FP,2007,NL
7,0.018459180245550467,W_pit,2007,NL
8,0.013753175283401333,RBI/PA,2007,NL
9,0.013709707074950285,SB,2007,NL
0,0.5549983831545251,RBI/PA,1969,AL
1,0.15406430757854778,R/PA,1969,AL
2,0.07628989187688795,HR/PA,1969,AL
3,0.042223052497354675,PA,1969,AL
4,0.028865829014779167,FP,1969,AL
5,0.02378368145368852,AVG,1969,AL
6,0.021663220209365515,W_pit,1969,AL
7,0.017396752323399017,ShO,1969,AL
8,0.015828889321638975,Pos_RF,1969,AL
9,0.01217905638864967,Playoffs,1969,AL
0,0.4933950968979939,RBI/PA,1970,AL
1,0.24370308340598495,HR/PA,1970,AL
2,0.0739185981366758,PA,1970,AL
3,0.05928374015066206,AVG,1970,AL
4,0.03376468795508505,FP,1970,AL
5,0.014793721528166782,Pos_3B,1970,AL
6,0.013210301374006084,Playoffs,1970,AL
7,0.012272424616127214,Pos_1B,1970,AL
8,0.011649945196253444,SB,1970,AL
9,0.011263305981455649,R/PA,1970,AL
0,0.19463390501796976,RBI/PA,1971,AL
1,0.11308204766076244,CG,1971,AL
2,0.10929320617018157,K/9,1971,AL
3,0.08633254279810242,W_pit,1971,AL
4,0.06589644591439184,Pos_3B,1971,AL
5,0.06315150968091865,SB,1971,AL
6,0.058533314134403165,Playoffs,1971,AL
7,0.04337717322929877,FP,1971,AL
8,0.04128159007098723,R/PA,1971,AL
9,0.03940479348683834,PA,1971,AL
0,0.17056327876358338,R/PA,1972,AL
1,0.15780974894002195,HR/PA,1972,AL
2,0.15413492169409337,RBI/PA,1972,AL
3,0.1531919563312662,FP,1972,AL
4,0.07791544328417303,G_pit,1972,AL
5,0.07582009539811567,AVG,1972,AL
6,0.07176614212868118,PA,1972,AL
7,0.02334298941130628,SV,1972,AL
8,0.02003807972934769,SB,1972,AL
9,0.019180765657540736,IP,1972,AL
0,0.2503941511565273,R/PA,1973,AL
1,0.15559693408818512,RBI/PA,1973,AL
2,0.13594633314165697,Pos_RF,1973,AL
3,0.08209934043542284,SV,1973,AL
4,0.07254344557336839,HR/PA,1973,AL
5,0.06114227381795006,W_pit,1973,AL
6,0.0558488751855967,AVG,1973,AL
7,0.02934786494098764,PA,1973,AL
8,0.026759475548229335,SB,1973,AL
9,0.025831934401556924,FP,1973,AL
0,0.3749184315452016,RBI/PA,1974,AL
1,0.1926029295305922,HR/PA,1974,AL
2,0.09744155500972028,W_pit,1974,AL
3,0.07810808480458742,R/PA,1974,AL
4,0.03660310923239488,Pos_RF,1974,AL
5,0.033304099663133926,ShO,1974,AL
6,0.03005357041341829,AVG,1974,AL
7,0.029965512279446316,Playoffs,1974,AL
8,0.026277201580827463,PA,1974,AL
9,0.020504094247297926,FP,1974,AL
0,0.2573077138214746,R/PA,1975,AL
1,0.19284523237105256,RBI/PA,1975,AL
2,0.13780536733405818,PA,1975,AL
3,0.12592062990385647,FP,1975,AL
4,0.07401354736605982,Pos_CF,1975,AL
5,0.0650286528293022,AVG,1975,AL
6,0.03253587674600839,HR/PA,1975,AL
7,0.025619859543059804,ShO,1975,AL
8,0.02371425484582939,K/9,1975,AL
9,0.021124035674088347,G_pit,1975,AL
0,0.38897579713027336,AVG,1976,AL
1,0.13856058434905066,Pos_C,1976,AL
2,0.09231803124589116,R/PA,1976,AL
3,0.07893222398764105,PA,1976,AL
4,0.06727296504862164,SB,1976,AL
5,0.055363910851144046,FP,1976,AL
6,0.043591432413541874,RBI/PA,1976,AL
7,0.040633796162283735,Playoffs,1976,AL
8,0.033788185138320166,HR/PA,1976,AL
9,0.013294643094988958,G_pit,1976,AL
0,0.3847227575015927,AVG,1977,AL
1,0.1093658612183803,Pos_RF,1977,AL
2,0.1087657288480162,R/PA,1977,AL
3,0.09681689597479666,RBI/PA,1977,AL
4,0.07848829110658745,PA,1977,AL
5,0.061520829763022866,HR/PA,1977,AL
6,0.03532031202231231,FP,1977,AL
7,0.026697884346594123,SB,1977,AL
8,0.022612785788758735,Playoffs,1977,AL
9,0.0216850481286482,SV,1977,AL
0,0.2373509658443794,HR/PA,1978,AL
1,0.23352024709621835,RBI/PA,1978,AL
2,0.11736439530753921,ShO,1978,AL
3,0.107875807997006,W_pit,1978,AL
4,0.07963439287587128,PA,1978,AL
5,0.06758970455876437,R/PA,1978,AL
6,0.02783380380351883,IP,1978,AL
7,0.02641887104165874,K/9,1978,AL
8,0.01910149740555699,AVG,1978,AL
9,0.017584711263594035,FP,1978,AL
0,0.2128216471578798,HR/PA,1979,AL
1,0.16059627749203864,RBI/PA,1979,AL
2,0.1592203294140876,PA,1979,AL
3,0.15545205939557655,R/PA,1979,AL
4,0.1313386092283375,AVG,1979,AL
5,0.041667318255576874,SB,1979,AL
6,0.030850399677556217,FP,1979,AL
7,0.024491227936321847,Playoffs,1979,AL
8,0.014833728763647556,ShO,1979,AL
9,0.012401646016286405,Pos_CF,1979,AL
0,0.3590557847819032,RBI/PA,1980,AL
1,0.16860128281740241,FP,1980,AL
2,0.07924526838016747,Playoffs,1980,AL
3,0.07693948638381183,PA,1980,AL
4,0.07274804143349423,AVG,1980,AL
5,0.04789695891572459,R/PA,1980,AL
6,0.0344381980238955,HR/PA,1980,AL
7,0.027765135494215498,K/9,1980,AL
8,0.025031341910150065,SB,1980,AL
9,0.017766502623613012,Pos_1B,1980,AL
0,0.2889894419038434,R/PA,1981,AL
1,0.13111602686810658,SV,1981,AL
2,0.1304046694055231,G_pit,1981,AL
3,0.126144153943315,RBI/PA,1981,AL
4,0.09517558411057568,SB,1981,AL
5,0.08958916627936431,PA,1981,AL
6,0.028298568373208207,K/9,1981,AL
7,0.02818166086410976,FP,1981,AL
8,0.02324589027321265,HR/PA,1981,AL
9,0.01810254692332178,AVG,1981,AL
0,0.2513282912592939,R/PA,1982,AL
1,0.2381280866804751,RBI/PA,1982,AL
2,0.17507907726622057,AVG,1982,AL
3,0.1733353167573336,HR/PA,1982,AL
4,0.06340005754500463,Pos_SS,1982,AL
5,0.02676927069971051,FP,1982,AL
6,0.02609847757191578,PA,1982,AL
7,0.019352184618078257,SB,1982,AL
8,0.005419114575252747,Pos_1B,1982,AL
9,0.005308602007765626,Pos_RF,1982,AL
0,0.30285759964613607,HR/PA,1983,AL
1,0.2563269229557063,PA,1983,AL
2,0.15869347249089175,R/PA,1983,AL
3,0.08213746985324108,RBI/PA,1983,AL
4,0.03734463152466504,AVG,1983,AL
5,0.03421929308795774,Playoffs,1983,AL
6,0.02490980261776474,FP,1983,AL
7,0.02232675020269873,Pos_C,1983,AL
8,0.02047387536911308,SV,1983,AL
9,0.01757698004638433,G_pit,1983,AL
0,0.3084168456613214,HR/PA,1969,NL
1,0.15383026436664565,RBI/PA,1969,NL
2,0.14579182332429486,W_pit,1969,NL
3,0.11525798237537133,R/PA,1969,NL
4,0.0761539309217614,AVG,1969,NL
5,0.04062483418029208,K/9,1969,NL
6,0.03284449172556956,BB/9,1969,NL
7,0.026463183006990083,Playoffs,1969,NL
8,0.02575255763505868,PA,1969,NL
9,0.01567636947657323,FP,1969,NL
0,0.2779643902228076,HR/PA,1970,NL
1,0.22786148700551456,RBI/PA,1970,NL
2,0.1545020684305678,R/PA,1970,NL
3,0.09016749583758668,FP,1970,NL
4,0.05907888829385809,PA,1970,NL
5,0.05471556863050296,AVG,1970,NL
6,0.05266147857473436,Pos_3B,1970,NL
7,0.018062064254841317,Pos_C,1970,NL
8,0.014155846464750143,SB,1970,NL
9,0.010659675740765066,W_pit,1970,NL
0,0.5484989550439248,RBI/PA,1971,NL
1,0.1228902456339296,HR/PA,1971,NL
2,0.0953010067115991,R/PA,1971,NL
3,0.0885687906070021,FP,1971,NL
4,0.03932873297034219,AVG,1971,NL
5,0.024166175858039544,Pos_3B,1971,NL
6,0.013482574236970291,Pos_SS,1971,NL
7,0.013403039868062957,Pos_RF,1971,NL
8,0.012449071558115678,PA,1971,NL
9,0.01193160991295636,SB,1971,NL
0,0.5656945518008122,RBI/PA,1972,NL
1,0.11702121558832587,R/PA,1972,NL
2,0.059846753016515694,HR/PA,1972,NL
3,0.058339159148648886,SB,1972,NL
4,0.04234744924245917,PA,1972,NL
5,0.03873497283917313,Pos_2B,1972,NL
6,0.021738661365154347,ShO,1972,NL
7,0.0199052152835089,IP,1972,NL
8,0.018836472498096547,W_pit,1972,NL
9,0.016002999392742048,CG,1972,NL
0,0.34848062978604005,R/PA,1973,NL
1,0.25709833491946327,PA,1973,NL
2,0.0938916993552738,AVG,1973,NL
3,0.07359017684121759,SB,1973,NL
4,0.048167350134545935,RBI/PA,1973,NL
5,0.04633481211489144,HR/PA,1973,NL
6,0.040728242225871375,FP,1973,NL
7,0.03805363678278062,K/9,1973,NL
8,0.01704945607420314,Pos_LF,1973,NL
9,0.006311630968210107,SV,1973,NL
0,0.2596727196379025,R/PA,1974,NL
1,0.12648924195591132,PA,1974,NL
2,0.12140538435809443,FP,1974,NL
3,0.0977741726335571,RBI/PA,1974,NL
4,0.09474346026147931,SB,1974,NL
5,0.08691427347926177,HR/PA,1974,NL
6,0.050514334890162126,Pos_1B,1974,NL
7,0.043182846220503286,G_pit,1974,NL
8,0.04163598484617351,SV,1974,NL
9,0.03811024064724003,AVG,1974,NL
0,0.22892218421331567,R/PA,1975,NL
1,0.22714854866268044,SB,1975,NL
2,0.16094509869991677,RBI/PA,1975,NL
3,0.07513218068508593,PA,1975,NL
4,0.07261426613839447,AVG,1975,NL
5,0.0580423042501891,Pos_2B,1975,NL
6,0.04586433348182702,HR/PA,1975,NL
7,0.032268435997043717,FP,1975,NL
8,0.022709399317099276,Pos_C,1975,NL
9,0.018638394503348404,Playoffs,1975,NL
0,0.4533149823929528,RBI/PA,1976,NL
1,0.12005962520674336,R/PA,1976,NL
2,0.11120490021384175,PA,1976,NL
3,0.08809266242872903,AVG,1976,NL
4,0.08618117403217378,HR/PA,1976,NL
5,0.06292150060443749,SB,1976,NL
6,0.021094921248254246,FP,1976,NL
7,0.020361583701147566,Pos_3B,1976,NL
8,0.009706529830291206,Pos_2B,1976,NL
9,0.009312973291280377,Playoffs,1976,NL
0,0.3487803291426183,RBI/PA,1977,NL
1,0.22440169738138963,R/PA,1977,NL
2,0.12756586600498515,HR/PA,1977,NL
3,0.06356884562496044,PA,1977,NL
4,0.05856064688610885,Pos_LF,1977,NL
5,0.041981506411381896,AVG,1977,NL
6,0.03224812131749494,Playoffs,1977,NL
7,0.023685154151653783,FP,1977,NL
8,0.017634088469201586,Pos_RF,1977,NL
9,0.009633987090534478,SB,1977,NL
0,0.2105580546323791,RBI/PA,1978,NL
1,0.19882215450941862,AVG,1978,NL
2,0.1857033734552532,R/PA,1978,NL
3,0.13183658831013748,Pos_SS,1978,NL
4,0.06818615507432635,HR/PA,1978,NL
5,0.06340327728771834,PA,1978,NL
6,0.04759969215233686,SB,1978,NL
7,0.033715620526753726,Playoffs,1978,NL
8,0.024220206046964177,Pos_RF,1978,NL
9,0.019531413074139702,FP,1978,NL
0,0.19220470539219084,FP,1979,NL
1,0.18861966740348815,AVG,1979,NL
2,0.12498618619740638,R/PA,1979,NL
3,0.11739693517508692,HR/PA,1979,NL
4,0.10244040834655042,Pos_1B,1979,NL
5,0.09573076835436596,RBI/PA,1979,NL
6,0.04439065973060716,PA,1979,NL
7,0.03657752867045008,SB,1979,NL
8,0.016170622725485452,Pos_RF,1979,NL
9,0.015525517668658414,Pos_3B,1979,NL
0,0.22483397718678072,RBI/PA,1980,NL
1,0.1907107237391169,PA,1980,NL
2,0.17483989913317843,HR/PA,1980,NL
3,0.11761404978042457,R/PA,1980,NL
4,0.09491335084704226,FP,1980,NL
5,0.04187980087668806,Pos_3B,1980,NL
6,0.03275436917925232,Pos_C,1980,NL
7,0.030500276421512457,AVG,1980,NL
8,0.010519266781536757,SB,1980,NL
9,0.0104004284235689,Pos_LF,1980,NL
0,0.4937925278009012,HR/PA,1981,NL
1,0.15574321127273116,RBI/PA,1981,NL
2,0.11185689971659077,R/PA,1981,NL
3,0.041699589475596696,FP,1981,NL
4,0.040744448364388584,Pos_CF,1981,NL
5,0.0317108417145691,PA,1981,NL
6,0.028818086824317517,Pos_SS,1981,NL
7,0.027475251088018748,AVG,1981,NL
8,0.016392537886853582,SB,1981,NL
9,0.007105061637113621,Pos_3B,1981,NL
0,0.26282781085697926,AVG,1982,NL
1,0.14143906620940017,HR/PA,1982,NL
2,0.13492112452154445,PA,1982,NL
3,0.12808094593955535,R/PA,1982,NL
4,0.09948156125803365,SB,1982,NL
5,0.0735160553496934,RBI/PA,1982,NL
6,0.03312838273837118,Pos_CF,1982,NL
7,0.028653160967666163,FP,1982,NL
8,0.025164604768660177,SV,1982,NL
9,0.013297260195699113,Playoffs,1982,NL
0,0.42305179730936465,HR/PA,1983,NL
1,0.1717618676685836,RBI/PA,1983,NL
2,0.14144674886957317,PA,1983,NL
3,0.0916861877495505,Pos_CF,1983,NL
4,0.04190209363883014,R/PA,1983,NL
5,0.03937748546846667,SB,1983,NL
6,0.02351361534180513,Playoffs,1983,NL
7,0.016849392001539915,FP,1983,NL
8,0.016344069538227392,Pos_3B,1983,NL
9,0.01479824770033744,AVG,1983,NL
0,0.23442274057472917,R/PA,1931,AL
1,0.20302341409590996,AVG,1931,AL
2,0.14345513104282528,RBI/PA,1931,AL
3,0.06896287074759264,IP,1931,AL
4,0.0584291079578712,FP,1931,AL
5,0.05516158472294921,ShO,1931,AL
6,0.054389746444873446,K/9,1931,AL
7,0.046428691511895555,W_pit,1931,AL
8,0.04070687943648463,HR/PA,1931,AL
9,0.033820887544741614,PA,1931,AL
0,0.2735083745754154,RBI/PA,1932,AL
1,0.20683866289352104,AVG,1932,AL
2,0.18369983262865305,PA,1932,AL
3,0.17597019754882715,R/PA,1932,AL
4,0.07209629139672179,HR/PA,1932,AL
5,0.025689524358624184,SB,1932,AL
6,0.023028320277465316,K/9,1932,AL
7,0.015415279131761075,Playoffs,1932,AL
8,0.014647895706797491,ERA,1932,AL
9,0.0025627320908505006,BB/9,1932,AL
0,0.42121612983037826,PA,1933,AL
1,0.2801566693298617,AVG,1933,AL
2,0.09067980076574722,RBI/PA,1933,AL
3,0.039613028325891676,R/PA,1933,AL
4,0.03861762181956733,HR/PA,1933,AL
5,0.036327655348988006,SB,1933,AL
6,0.01096476282784766,FP,1933,AL
7,0.010622645681090776,G_pit,1933,AL
8,0.010606739001199994,Playoffs,1933,AL
9,0.00874154492644778,IP,1933,AL
0,0.1348374197930573,R/PA,1934,AL
1,0.1346743234998754,Playoffs,1934,AL
2,0.13425862372245326,AVG,1934,AL
3,0.1229594967221129,HR/PA,1934,AL
4,0.11877198871259143,RBI/PA,1934,AL
5,0.09632310599861539,PA,1934,AL
6,0.04031504698396301,FP,1934,AL
7,0.03526839374571514,IP,1934,AL
8,0.034206415916215024,SB,1934,AL
9,0.032065602006307,CG,1934,AL
0,0.39438145093801535,RBI/PA,1935,AL
1,0.34631789381199923,AVG,1935,AL
2,0.14578091619815012,PA,1935,AL
3,0.03636448638159628,HR/PA,1935,AL
4,0.02193581417719178,R/PA,1935,AL
5,0.01194231211831772,SB,1935,AL
6,0.00789796047407494,L_pit,1935,AL
7,0.0049055757826619055,Playoffs,1935,AL
8,0.004837424810425877,CG,1935,AL
9,0.004682869101009907,ERA,1935,AL
0,0.5599996230110913,AVG,1936,AL
1,0.13726719142728558,HR/PA,1936,AL
2,0.10418006945493986,R/PA,1936,AL
3,0.06256576785779458,RBI/PA,1936,AL
4,0.03460862248446211,PA,1936,AL
5,0.022391887243933317,SB,1936,AL
6,0.013184385660843005,ERA,1936,AL
7,0.00991964479697003,WHIP,1936,AL
8,0.009165565868599481,BB/9,1936,AL
9,0.008380965100991053,IP,1936,AL
0,0.6118172909660406,R/PA,1937,AL
1,0.1924472954836695,AVG,1937,AL
2,0.05319429107720136,RBI/PA,1937,AL
3,0.050915080075097145,HR/PA,1937,AL
4,0.038812818910394384,PA,1937,AL
5,0.028609731462794875,SB,1937,AL
6,0.01579698831405821,Playoffs,1937,AL
7,0.0019373734083634336,BB/9,1937,AL
8,0.001378767086215476,ERA,1937,AL
9,0.0009900470411299505,G_pit,1937,AL
0,0.4854589835423644,RBI/PA,1938,AL
1,0.17100194572291547,HR/PA,1938,AL
2,0.08707045700349544,R/PA,1938,AL
3,0.05235935426261583,IP,1938,AL
4,0.04613540115489614,AVG,1938,AL
5,0.04438544156736278,CG,1938,AL
6,0.04300787388618426,W_pit,1938,AL
7,0.016397208310837155,PA,1938,AL
8,0.012066407907127081,SB,1938,AL
9,0.006094475415564248,L_pit,1938,AL
0,0.22700048257397595,R/PA,1939,AL
1,0.21165322847190599,RBI/PA,1939,AL
2,0.11092173444232278,AVG,1939,AL
3,0.08965841564781837,HR/PA,1939,AL
4,0.08287222976809806,K/9,1939,AL
5,0.060035964411729884,W_pit,1939,AL
6,0.05478813556428586,ShO,1939,AL
7,0.03198918460955855,FP,1939,AL
8,0.029504036094610175,Playoffs,1939,AL
9,0.02685028429469063,IP,1939,AL
0,0.328698131606122,HR/PA,1940,AL
1,0.19165021701026883,RBI/PA,1940,AL
2,0.06672299905920276,PA,1940,AL
3,0.055721020021435974,K/9,1940,AL
4,0.05261968131943919,W_pit,1940,AL
5,0.05143138083601136,AVG,1940,AL
6,0.05023677308822416,BB/9,1940,AL
7,0.04960381975977225,IP,1940,AL
8,0.039050433116474124,R/PA,1940,AL
9,0.028603118730443626,CG,1940,AL
0,0.3520617515289386,R/PA,1941,AL
1,0.16133765079551352,AVG,1941,AL
2,0.1497007745470603,HR/PA,1941,AL
3,0.0805066207278654,RBI/PA,1941,AL
4,0.05587993957356595,W_pit,1941,AL
5,0.04720329414467205,CG,1941,AL
6,0.04677200457423754,K/9,1941,AL
7,0.036885744980086434,IP,1941,AL
8,0.01955934590459041,ShO,1941,AL
9,0.01037940320291457,G_pit,1941,AL
0,0.3923303099664689,RBI/PA,1942,AL
1,0.2286307519541771,AVG,1942,AL
2,0.10876178721731282,R/PA,1942,AL
3,0.09578141686672884,PA,1942,AL
4,0.05956900027156115,HR/PA,1942,AL
5,0.02737431153093635,SB,1942,AL
6,0.0233491851074911,FP,1942,AL
7,0.01967998928335943,W_pit,1942,AL
8,0.017816101548339385,CG,1942,AL
9,0.006249786443627618,Playoffs,1942,AL
0,0.20667118039742471,PA,1943,AL
1,0.12378502177409363,R/PA,1943,AL
2,0.12116925622257077,CG,1943,AL
3,0.11584747661869878,K/9,1943,AL
4,0.11096063077989866,AVG,1943,AL
5,0.095904448456102,RBI/PA,1943,AL
6,0.08179832119333807,SB,1943,AL
7,0.05466798060436246,HR/PA,1943,AL
8,0.034316432385873556,ShO,1943,AL
9,0.026839940575284493,W_pit,1943,AL
0,0.19273628953278077,RBI/PA,1944,AL
1,0.18140581548296322,AVG,1944,AL
2,0.14919054469647297,HR/PA,1944,AL
3,0.09380904777252178,R/PA,1944,AL
4,0.08594379706671307,G_pit,1944,AL
5,0.060202553163273324,ShO,1944,AL
6,0.05646112897430995,W_pit,1944,AL
7,0.047897589781067965,CG,1944,AL
8,0.04471634870463953,IP,1944,AL
9,0.023938862201377174,K/9,1944,AL
0,0.20651448576208384,R/PA,1945,AL
1,0.1222832694653561,IP,1945,AL
2,0.10060304360866236,W_pit,1945,AL
3,0.0948009591504336,SB,1945,AL
4,0.09165832947239598,CG,1945,AL
5,0.060070567063348144,RBI/PA,1945,AL
6,0.057721071701000264,HR/PA,1945,AL
7,0.04769785264127931,ShO,1945,AL
8,0.042513561402587975,PA,1945,AL
9,0.04197006913610639,AVG,1945,AL
0,0.23168257670519982,R/PA,1946,AL
1,0.21355967464046102,AVG,1946,AL
2,0.08476167331554374,CG,1946,AL
3,0.08216382299014231,RBI/PA,1946,AL
4,0.07803397654641073,SB,1946,AL
5,0.07006851580722305,W_pit,1946,AL
6,0.057511581380357245,K/9,1946,AL
7,0.0488262689972411,IP,1946,AL
8,0.04553295569584143,PA,1946,AL
9,0.025344269454842507,HR/PA,1946,AL
0,0.2687353378408209,R/PA,1947,AL
1,0.2384885906315415,AVG,1947,AL
2,0.1543112090284609,PA,1947,AL
3,0.11559027303561469,RBI/PA,1947,AL
4,0.054501722571991165,HR/PA,1947,AL
5,0.04766137135754573,G_pit,1947,AL
6,0.04125626084893011,K/9,1947,AL
7,0.03934803765591053,SB,1947,AL
8,0.013823853523695773,Playoffs,1947,AL
9,0.008147469504903422,IP,1947,AL
0,0.3388141837984683,AVG,1948,AL
1,0.23386274957829062,RBI/PA,1948,AL
2,0.19014738852972612,R/PA,1948,AL
3,0.10287236988073283,HR/PA,1948,AL
4,0.054209206088427504,PA,1948,AL
5,0.026130932213844497,W_pit,1948,AL
6,0.014419401690297822,SB,1948,AL
7,0.009296810576289326,Playoffs,1948,AL
8,0.008302457140599634,IP,1948,AL
9,0.007769847000045088,CG,1948,AL
0,0.3498361713015355,PA,1949,AL
1,0.1637297811458729,G_pit,1949,AL
2,0.140723793776645,HR/PA,1949,AL
3,0.08156026118152211,R/PA,1949,AL
4,0.04929278570154842,W_pit,1949,AL
5,0.04368590458762825,AVG,1949,AL
6,0.03351189932327503,RBI/PA,1949,AL
7,0.024304840260453948,SB,1949,AL
8,0.024125821657133638,K/9,1949,AL
9,0.017805787728719314,CG,1949,AL
0,0.44150725454215295,AVG,1950,AL
1,0.2713319266582194,PA,1950,AL
2,0.06930682825025622,SB,1950,AL
3,0.05228004702740395,HR/PA,1950,AL
4,0.031046816575167724,RBI/PA,1950,AL
5,0.030202989840172643,R/PA,1950,AL
6,0.022033318418886293,W_pit,1950,AL
7,0.01790203001712443,K/9,1950,AL
8,0.01713514387431898,Playoffs,1950,AL
9,0.016841943633665465,ERA,1950,AL
0,0.2529873129102084,AVG,1951,AL
1,0.15181914143211553,HR/PA,1951,AL
2,0.15123811408013224,CG,1951,AL
3,0.07858329292160492,R/PA,1951,AL
4,0.05894280185711093,SB,1951,AL
5,0.05208542520853179,BB/9,1951,AL
6,0.050079959079740145,Playoffs,1951,AL
7,0.048210279371485844,PA,1951,AL
8,0.04207902483388115,RBI/PA,1951,AL
9,0.027874521143733795,ShO,1951,AL
0,0.2224972409547594,W_pit,1952,AL
1,0.2213559745420652,CG,1952,AL
2,0.1568749265705868,R/PA,1952,AL
3,0.059257275937931383,ShO,1952,AL
4,0.05350478599505491,K/9,1952,AL
5,0.0506352072725357,PA,1952,AL
6,0.046987949707229325,AVG,1952,AL
7,0.03277827635793601,IP,1952,AL
8,0.02651965629806248,HR/PA,1952,AL
9,0.02285948982339646,Playoffs,1952,AL
0,0.2685959102601287,R/PA,1953,AL
1,0.2533402074152739,RBI/PA,1953,AL
2,0.1601880871601841,PA,1953,AL
3,0.09650736765529129,HR/PA,1953,AL
4,0.09638024991612273,AVG,1953,AL
5,0.07271491019910532,SB,1953,AL
6,0.013058089331943782,Playoffs,1953,AL
7,0.007483792548900096,G_pit,1953,AL
8,0.0050624102952440434,FP,1953,AL
9,0.0038831094933895033,L_pit,1953,AL
0,0.3383475060117125,RBI/PA,1954,AL
1,0.22228233511287737,AVG,1954,AL
2,0.1084205232233883,CG,1954,AL
3,0.07707804306598523,R/PA,1954,AL
4,0.07203026849317025,PA,1954,AL
5,0.056325271226402476,Playoffs,1954,AL
6,0.042242731353441726,HR/PA,1954,AL
7,0.035047762203340535,W_pit,1954,AL
8,0.0257197682386554,SB,1954,AL
9,0.011191566294640248,IP,1954,AL
0,0.3609221266428555,HR/PA,1955,AL
1,0.3256730863105165,R/PA,1955,AL
2,0.12565754681207783,PA,1955,AL
3,0.05168167690030022,AVG,1955,AL
4,0.0468491815370439,RBI/PA,1955,AL
5,0.03525208284114709,SB,1955,AL
6,0.015655479269068018,Playoffs,1955,AL
7,0.013620023613261242,ERA,1955,AL
8,0.012100027595727335,G_pit,1955,AL
9,0.007060868196124365,BB/9,1955,AL
0,0.22789625695369392,HR/PA,1956,AL
1,0.18239897470976174,RBI/PA,1956,AL
2,0.1729724726581517,AVG,1956,AL
3,0.14888037503344456,R/PA,1956,AL
4,0.08144289533542047,PA,1956,AL
5,0.06446514325045685,FP,1956,AL
6,0.027802149829499783,SB,1956,AL
7,0.02591374771327731,Pos_CF,1956,AL
8,0.015158481731180588,Pos_C,1956,AL
9,0.013297179608197308,CG,1956,AL
0,0.72463304268848,R/PA,1957,AL
1,0.05766668520102157,AVG,1957,AL
2,0.050639544799296644,HR/PA,1957,AL
3,0.04263272733805194,PA,1957,AL
4,0.03465059921894544,Pos_SS,1957,AL
5,0.019234868135785867,Playoffs,1957,AL
6,0.016392606085369715,SB,1957,AL
7,0.014853081275616539,FP,1957,AL
8,0.013012716496071112,RBI/PA,1957,AL
9,0.004295188520630552,Pos_3B,1957,AL
0,0.2684875558510739,HR/PA,1958,AL
1,0.2213079110037631,RBI/PA,1958,AL
2,0.06123183482030061,PA,1958,AL
3,0.06019554185447056,Pos_RF,1958,AL
4,0.058451022381276994,W_pit,1958,AL
5,0.052047624371936906,ShO,1958,AL
6,0.042880776459051445,BB/9,1958,AL
7,0.042657047646685646,R/PA,1958,AL
8,0.03863327739678157,SB,1958,AL
9,0.03329656387608575,FP,1958,AL
0,0.5867078961875177,PA,1959,AL
1,0.08598550961883865,AVG,1959,AL
2,0.06299104070025148,SB,1959,AL
3,0.04181156881499308,RBI/PA,1959,AL
4,0.036852519605199884,Pos_SS,1959,AL
5,0.023776135389980187,BB/9,1959,AL
6,0.02155135260623664,IP,1959,AL
7,0.020884470270603146,W_pit,1959,AL
8,0.020430948194537304,FP,1959,AL
9,0.015318109431931994,Pos_RF,1959,AL
0,0.3728031827288444,R/PA,1960,AL
1,0.17325461506992562,PA,1960,AL
2,0.16027592599779067,Pos_3B,1960,AL
3,0.08898380060751845,HR/PA,1960,AL
4,0.05851151029248053,RBI/PA,1960,AL
5,0.03386443712447911,SB,1960,AL
6,0.02963148930660383,AVG,1960,AL
7,0.02280684743290009,FP,1960,AL
8,0.01861070727909817,Pos_SS,1960,AL
9,0.01059224545262087,Pos_CF,1960,AL
0,0.3735759578216145,RBI/PA,1961,AL
1,0.1987837037713919,HR/PA,1961,AL
2,0.16143367256706034,R/PA,1961,AL
3,0.041995737149785786,W_pit,1961,AL
4,0.03463224954358879,K/9,1961,AL
5,0.030778547955725405,AVG,1961,AL
6,0.022401453271970826,G_pit,1961,AL
7,0.021102517458295965,IP,1961,AL
8,0.020127761488415948,PA,1961,AL
9,0.018707639572600226,Playoffs,1961,AL
0,0.1971113834515808,R/PA,1962,AL
1,0.19631718738798543,SB,1962,AL
2,0.1569496548211575,PA,1962,AL
3,0.14027945422049368,HR/PA,1962,AL
4,0.11421709269854931,Pos_CF,1962,AL
5,0.049466445951671476,AVG,1962,AL
6,0.04223747631696175,RBI/PA,1962,AL
7,0.028458424746130168,Playoffs,1962,AL
8,0.025655214060060827,FP,1962,AL
9,0.012483247051932564,Pos_2B,1962,AL
0,0.19551735113742627,R/PA,1963,AL
1,0.18466688489500008,FP,1963,AL
2,0.15000699691276753,Pos_C,1963,AL
3,0.10477586178499207,RBI/PA,1963,AL
4,0.08757350275418627,AVG,1963,AL
5,0.07199705995058654,PA,1963,AL
6,0.04959840198720276,HR/PA,1963,AL
7,0.022202577655731966,Pos_LF,1963,AL
8,0.018033289686467772,Playoffs,1963,AL
9,0.016389746189377025,IP,1963,AL
0,0.6473913910179945,AVG,1964,AL
1,0.07968135002036283,Pos_3B,1964,AL
2,0.07020580336416236,RBI/PA,1964,AL
3,0.04214537134391783,FP,1964,AL
4,0.03488798784172038,R/PA,1964,AL
5,0.020993998302894737,IP,1964,AL
6,0.016956413068741204,ShO,1964,AL
7,0.011861556644037582,Pos_C,1964,AL
8,0.01171880730637038,HR/PA,1964,AL
9,0.011502103600990696,CG,1964,AL
0,0.3923982563245882,R/PA,1965,AL
1,0.10353045007091188,PA,1965,AL
2,0.09324115515057524,Pos_3B,1965,AL
3,0.08846289105449048,AVG,1965,AL
4,0.08811283210096454,G_pit,1965,AL
5,0.059227266932774594,FP,1965,AL
6,0.04637242189212902,SB,1965,AL
7,0.039371867411678044,RBI/PA,1965,AL
8,0.015636948184285307,W_pit,1965,AL
9,0.015307577558276855,ShO,1965,AL
0,0.2202764037355576,R/PA,1966,AL
1,0.1739555821717483,AVG,1966,AL
2,0.14287892775090566,HR/PA,1966,AL
3,0.13953735605162026,Pos_3B,1966,AL
4,0.08187218046741611,RBI/PA,1966,AL
5,0.057155542115053165,Playoffs,1966,AL
6,0.04003900072500427,PA,1966,AL
7,0.03771066065008182,SB,1966,AL
8,0.022000251429063318,CG,1966,AL
9,0.0183106727218148,W_pit,1966,AL
0,0.2501233658065161,HR/PA,1967,AL
1,0.16151917542722688,PA,1967,AL
2,0.15102978011754156,R/PA,1967,AL
3,0.10222014690553735,RBI/PA,1967,AL
4,0.08177629708975115,AVG,1967,AL
5,0.04362144718065823,FP,1967,AL
6,0.03263257238324067,Pos_LF,1967,AL
7,0.031836729835226556,SB,1967,AL
8,0.02400290932733641,W_pit,1967,AL
9,0.02140545880033267,Pos_C,1967,AL
0,0.1467925563439908,SB,1968,AL
1,0.11917481230592164,W_pit,1968,AL
2,0.11590060753082146,CG,1968,AL
3,0.0998806699694084,Pos_C,1968,AL
4,0.09706715877732236,IP,1968,AL
5,0.09055771181000263,RBI/PA,1968,AL
6,0.0857141412111759,HR/PA,1968,AL
7,0.05223592367483445,R/PA,1968,AL
8,0.03436303532856923,ERA,1968,AL
9,0.026714100021377783,G_pit,1968,AL
0,0.5057554250139938,R/PA,1931,NL
1,0.18777292158967712,SB,1931,NL
2,0.07373198402903733,PA,1931,NL
3,0.07349082479992304,RBI/PA,1931,NL
4,0.07132867364344718,AVG,1931,NL
5,0.05421193239263357,HR/PA,1931,NL
6,0.015897513575229894,Playoffs,1931,NL
7,0.009605431481071156,CG,1931,NL
8,0.001486875794995983,WHIP,1931,NL
9,0.0010851355838435292,BB/9,1931,NL
0,0.3147269210236245,AVG,1932,NL
1,0.1399346244973066,PA,1932,NL
2,0.128870061770844,R/PA,1932,NL
3,0.10325777915412455,SB,1932,NL
4,0.07851432460869051,CG,1932,NL
5,0.07626411482496796,W_pit,1932,NL
6,0.03923853315952994,RBI/PA,1932,NL
7,0.03779313050181169,HR/PA,1932,NL
8,0.02242942207607736,IP,1932,NL
9,0.021070886767136806,FP,1932,NL
0,0.16636238225398225,R/PA,1933,NL
1,0.1535354194801628,HR/PA,1933,NL
2,0.13826960374648098,AVG,1933,NL
3,0.11309034052786132,IP,1933,NL
4,0.11061750697941472,RBI/PA,1933,NL
5,0.1096108656534156,W_pit,1933,NL
6,0.0932628713964755,ShO,1933,NL
7,0.031478117591180466,SB,1933,NL
8,0.020100631814255625,PA,1933,NL
9,0.016815438602062218,K/9,1933,NL
0,0.18896514814042217,HR/PA,1934,NL
1,0.1683050254414666,PA,1934,NL
2,0.13537578017376087,R/PA,1934,NL
3,0.1351603283873132,W_pit,1934,NL
4,0.08734509289024059,ShO,1934,NL
5,0.05192267404792528,AVG,1934,NL
6,0.05188794198623614,RBI/PA,1934,NL
7,0.044636593322902755,SB,1934,NL
8,0.03670043407228791,G_pit,1934,NL
9,0.034618811701391826,CG,1934,NL
0,0.4295156422463184,AVG,1935,NL
1,0.0917591648125466,RBI/PA,1935,NL
2,0.08830292808407483,R/PA,1935,NL
3,0.05942704840204131,PA,1935,NL
4,0.05638445895009146,W_pit,1935,NL
5,0.0489349612969585,K/9,1935,NL
6,0.04447427941006085,CG,1935,NL
7,0.03978893648393641,IP,1935,NL
8,0.037922251762390745,HR/PA,1935,NL
9,0.037510328855194244,G_pit,1935,NL
0,0.206715789009656,PA,1936,NL
1,0.14162841001572235,CG,1936,NL
2,0.13000557562936754,W_pit,1936,NL
3,0.12713131925483617,FP,1936,NL
4,0.09232037952865384,R/PA,1936,NL
5,0.08715692315881005,AVG,1936,NL
6,0.04990406047114831,IP,1936,NL
7,0.045200996238367916,RBI/PA,1936,NL
8,0.028182914692438287,ShO,1936,NL
9,0.02495563688599963,HR/PA,1936,NL
0,0.4550815251865412,RBI/PA,1937,NL
1,0.11287087363842585,IP,1937,NL
2,0.10867011642221334,AVG,1937,NL
3,0.0706566199417017,HR/PA,1937,NL
4,0.05618245416860621,W_pit,1937,NL
5,0.05041961556188659,PA,1937,NL
6,0.0429558916652435,R/PA,1937,NL
7,0.02894488734173786,CG,1937,NL
8,0.014682056526347695,Playoffs,1937,NL
9,0.014150558374652934,ShO,1937,NL
0,0.2596070198619218,AVG,1938,NL
1,0.25526110392922496,RBI/PA,1938,NL
2,0.17232111531956673,PA,1938,NL
3,0.06954872690957878,SB,1938,NL
4,0.06467027563891792,W_pit,1938,NL
5,0.05298741349296073,ShO,1938,NL
6,0.0432417902527043,R/PA,1938,NL
7,0.0330319458782559,HR/PA,1938,NL
8,0.014745017550167263,CG,1938,NL
9,0.010299893957539412,Playoffs,1938,NL
0,0.4216509301699684,AVG,1939,NL
1,0.11280611083630836,W_pit,1939,NL
2,0.09164893739024976,IP,1939,NL
3,0.0837147636173441,CG,1939,NL
4,0.060839024111489566,HR/PA,1939,NL
5,0.050498168612981946,RBI/PA,1939,NL
6,0.028563334127130795,ShO,1939,NL
7,0.027026218547708817,SB,1939,NL
8,0.026782106932998817,PA,1939,NL
9,0.01593344360413693,R/PA,1939,NL
0,0.3124776006985584,RBI/PA,1940,NL
1,0.1725177250340491,PA,1940,NL
2,0.10580779549320656,AVG,1940,NL
3,0.08367322328083444,HR/PA,1940,NL
4,0.06506621049676757,W_pit,1940,NL
5,0.05982097902143904,CG,1940,NL
6,0.05571571804140776,IP,1940,NL
7,0.05445634615028318,Playoffs,1940,NL
8,0.04272081083191843,R/PA,1940,NL
9,0.02394764157003678,SB,1940,NL
0,0.22654992324800866,RBI/PA,1941,NL
1,0.21148534799298843,HR/PA,1941,NL
2,0.10786360263695058,AVG,1941,NL
3,0.10710859740400715,Playoffs,1941,NL
4,0.1047162143064805,R/PA,1941,NL
5,0.04772885620197411,W_pit,1941,NL
6,0.03674040966868774,ShO,1941,NL
7,0.03329406409929561,PA,1941,NL
8,0.03262609364147018,K/9,1941,NL
9,0.022188716825544318,SB,1941,NL
0,0.26002737534585035,R/PA,1942,NL
1,0.1748929625015622,PA,1942,NL
2,0.10534386635849152,HR/PA,1942,NL
3,0.09472869750380515,W_pit,1942,NL
4,0.08966503512657124,IP,1942,NL
5,0.08738037684159537,ShO,1942,NL
6,0.04566939148471043,RBI/PA,1942,NL
7,0.040309749113985674,SB,1942,NL
8,0.035469094895829466,AVG,1942,NL
9,0.027403442686611955,K/9,1942,NL
0,0.3685987425940975,AVG,1943,NL
1,0.3034015583772644,RBI/PA,1943,NL
2,0.09357953945444071,W_pit,1943,NL
3,0.05410932897522369,HR/PA,1943,NL
4,0.04136682748408667,PA,1943,NL
5,0.03615110291664118,Playoffs,1943,NL
6,0.02788025605154804,R/PA,1943,NL
7,0.021830770068974267,IP,1943,NL
8,0.01378621252558014,K/9,1943,NL
9,0.01009501686246363,SB,1943,NL
0,0.2811683559740867,R/PA,1944,NL
1,0.25868103952105814,AVG,1944,NL
2,0.2301104642478805,RBI/PA,1944,NL
3,0.06423459322904908,PA,1944,NL
4,0.04289056495719887,HR/PA,1944,NL
5,0.02713123588527333,W_pit,1944,NL
6,0.02437474218675885,Playoffs,1944,NL
7,0.02389720917389594,SB,1944,NL
8,0.009264552492509707,CG,1944,NL
9,0.006625372325280473,ShO,1944,NL
0,0.587542899926911,AVG,1945,NL
1,0.13706391561285652,RBI/PA,1945,NL
2,0.043871456846722036,R/PA,1945,NL
3,0.04191120775482191,CG,1945,NL
4,0.03982316342150579,HR/PA,1945,NL
5,0.037019251011633975,W_pit,1945,NL
6,0.03469098681294238,IP,1945,NL
7,0.021296338634176477,PA,1945,NL
8,0.020051140199287918,SB,1945,NL
9,0.012374368546223227,Playoffs,1945,NL
0,0.308384975288925,PA,1946,NL
1,0.24003123605935517,RBI/PA,1946,NL
2,0.1519940156161652,R/PA,1946,NL
3,0.127124856139407,AVG,1946,NL
4,0.035486852234959794,W_pit,1946,NL
5,0.03319791121481441,CG,1946,NL
6,0.032743367812423936,SB,1946,NL
7,0.030945347035233,IP,1946,NL
8,0.020271621371746165,HR/PA,1946,NL
9,0.007986420505010678,Playoffs,1946,NL
0,0.2709607221400993,RBI/PA,1947,NL
1,0.15067284838964046,R/PA,1947,NL
2,0.10630257532502323,AVG,1947,NL
3,0.08387452364648405,HR/PA,1947,NL
4,0.0821515436111224,PA,1947,NL
5,0.06428115288223991,SB,1947,NL
6,0.048624525309825826,Playoffs,1947,NL
7,0.04384761189512925,CG,1947,NL
8,0.041238064060046216,K/9,1947,NL
9,0.03802278046113456,W_pit,1947,NL
0,0.3268998427013067,AVG,1948,NL
1,0.13990860368352623,R/PA,1948,NL
2,0.09121318236758477,Playoffs,1948,NL
3,0.08152673350020351,CG,1948,NL
4,0.06023401422104551,PA,1948,NL
5,0.054716188332204874,SB,1948,NL
6,0.05050513993694057,IP,1948,NL
7,0.049233717694457786,L_pit,1948,NL
8,0.04579515357629686,W_pit,1948,NL
9,0.044121950150348345,RBI/PA,1948,NL
0,0.5835869617721013,AVG,1949,NL
1,0.26624092604078303,R/PA,1949,NL
2,0.03254891180257614,PA,1949,NL
3,0.03046684403475459,SB,1949,NL
4,0.021603924324892165,RBI/PA,1949,NL
5,0.014156976556952567,Playoffs,1949,NL
6,0.011761179692116116,IP,1949,NL
7,0.009649582691368203,HR/PA,1949,NL
8,0.006705647740547564,K/9,1949,NL
9,0.005893621240969254,CG,1949,NL
0,0.3305149033401209,R/PA,1950,NL
1,0.24113134007055484,AVG,1950,NL
2,0.18124075355309782,PA,1950,NL
3,0.08369982901381469,G_pit,1950,NL
4,0.06547498233952478,HR/PA,1950,NL
5,0.036349396575940655,RBI/PA,1950,NL
6,0.02951041502096827,SB,1950,NL
7,0.00899681922227703,Playoffs,1950,NL
8,0.00845620693563457,BB/9,1950,NL
9,0.0038772881605401554,K/9,1950,NL
0,0.3785466418380176,AVG,1951,NL
1,0.25621477909134743,RBI/PA,1951,NL
2,0.09327923490997429,R/PA,1951,NL
3,0.0512901179029883,FP,1951,NL
4,0.04023644684643883,CG,1951,NL
5,0.037513781595992224,SB,1951,NL
6,0.034591101040728676,W_pit,1951,NL
7,0.031198386955931752,HR/PA,1951,NL
8,0.0167002730984157,Playoffs,1951,NL
9,0.013893224502771058,PA,1951,NL
0,0.2651692204820717,RBI/PA,1952,NL
1,0.20679765566894953,G_pit,1952,NL
2,0.10124231872538803,AVG,1952,NL
3,0.07984109471514159,W_pit,1952,NL
4,0.07351329969881541,R/PA,1952,NL
5,0.05495644785656216,K/9,1952,NL
6,0.0538703934284747,HR/PA,1952,NL
7,0.04853733331550337,CG,1952,NL
8,0.04494913789972868,IP,1952,NL
9,0.02721498090575585,PA,1952,NL
0,0.5179651384537064,HR/PA,1953,NL
1,0.16811355473550701,AVG,1953,NL
2,0.09450603997539454,RBI/PA,1953,NL
3,0.05408221737023482,R/PA,1953,NL
4,0.03875864983437723,PA,1953,NL
5,0.02729748066713234,IP,1953,NL
6,0.02576326663037701,W_pit,1953,NL
7,0.018726345522559622,CG,1953,NL
8,0.011724036787895313,SB,1953,NL
9,0.0094390456863209,ShO,1953,NL
0,0.22536281427953075,AVG,1954,NL
1,0.1961128320369657,R/PA,1954,NL
2,0.15608303324006823,RBI/PA,1954,NL
3,0.11781446437147271,PA,1954,NL
4,0.09629069884828374,HR/PA,1954,NL
5,0.05825899866521922,ShO,1954,NL
6,0.048595020888317034,K/9,1954,NL
7,0.0415951205851985,SB,1954,NL
8,0.01772139503111058,Playoffs,1954,NL
9,0.010222334636693644,IP,1954,NL
0,0.4308813537957642,RBI/PA,1955,NL
1,0.17305756946438167,HR/PA,1955,NL
2,0.09958704762413494,R/PA,1955,NL
3,0.059870663291034555,SB,1955,NL
4,0.046129853603555086,PA,1955,NL
5,0.03647946055240621,CG,1955,NL
6,0.0358669525205922,IP,1955,NL
7,0.035735470538166385,W_pit,1955,NL
8,0.02753167296177938,AVG,1955,NL
9,0.019420257478887922,L_pit,1955,NL
0,0.3289855126354693,W_pit,1956,NL
1,0.16700012928258692,PA,1956,NL
2,0.0925975188491282,AVG,1956,NL
3,0.058102280020732075,R/PA,1956,NL
4,0.05281783782060688,CG,1956,NL
5,0.047182879657765804,Pos_SS,1956,NL
6,0.0415792246078362,HR/PA,1956,NL
7,0.03459265510597881,IP,1956,NL
8,0.03449160221297489,FP,1956,NL
9,0.028011952660860092,RBI/PA,1956,NL
0,0.4129161411588459,AVG,1957,NL
1,0.12346909976683139,R/PA,1957,NL
2,0.09933894142383097,FP,1957,NL
3,0.0786316505821248,PA,1957,NL
4,0.06739929407034732,RBI/PA,1957,NL
5,0.0590083661228495,HR/PA,1957,NL
6,0.03874410101966387,Pos_LF,1957,NL
7,0.028291661629671016,SB,1957,NL
8,0.014292347378593492,IP,1957,NL
9,0.01269025920309295,W_pit,1957,NL
0,0.4461824959355434,R/PA,1958,NL
1,0.13553060256738153,PA,1958,NL
2,0.10262206667517136,FP,1958,NL
3,0.07951261142426592,HR/PA,1958,NL
4,0.04489824628368781,AVG,1958,NL
5,0.03610868142538229,W_pit,1958,NL
6,0.01925793656902577,RBI/PA,1958,NL
7,0.018015562400858772,Pos_SS,1958,NL
8,0.01708503645690316,SB,1958,NL
9,0.016662241797957267,Pos_3B,1958,NL
0,0.3155221979291107,HR/PA,1959,NL
1,0.11215405968553312,R/PA,1959,NL
2,0.11081121630706632,Pos_LF,1959,NL
3,0.07955449593617626,PA,1959,NL
4,0.07408358259525619,RBI/PA,1959,NL
5,0.0740306097634145,AVG,1959,NL
6,0.03957949304777262,SB,1959,NL
7,0.03881573863943349,FP,1959,NL
8,0.029309011475201985,Pos_SS,1959,NL
9,0.028599723076173738,WHIP,1959,NL
0,0.2156866620410516,AVG,1960,NL
1,0.1956694190923742,PA,1960,NL
2,0.1263221323695231,FP,1960,NL
3,0.08980784230640829,R/PA,1960,NL
4,0.07024534329327037,Pos_SS,1960,NL
5,0.06897835105012609,HR/PA,1960,NL
6,0.041503204929221334,RBI/PA,1960,NL
7,0.03680994699119679,Playoffs,1960,NL
8,0.031037046024024163,SB,1960,NL
9,0.028296636629548292,Pos_3B,1960,NL
0,0.24050710767678737,R/PA,1961,NL
1,0.16462152397584,FP,1961,NL
2,0.13713013734346305,AVG,1961,NL
3,0.11192699570097293,SB,1961,NL
4,0.10192647526141943,PA,1961,NL
5,0.06010625745843543,RBI/PA,1961,NL
6,0.030780768432279372,HR/PA,1961,NL
7,0.02486747575456944,W_pit,1961,NL
8,0.0237703318248677,Playoffs,1961,NL
9,0.022887582381242902,Pos_RF,1961,NL
0,0.5162917413093142,SB,1962,NL
1,0.17822389949205666,R/PA,1962,NL
2,0.1247040499785463,PA,1962,NL
3,0.047390340305274205,RBI/PA,1962,NL
4,0.04614417812385432,W_pit,1962,NL
5,0.028830384382029273,AVG,1962,NL
6,0.024150797068582888,HR/PA,1962,NL
7,0.011969249706057178,IP,1962,NL
8,0.006796190111214907,Pos_CF,1962,NL
9,0.003528147035287898,G_pit,1962,NL
0,0.28432362789411475,R/PA,1963,NL
1,0.21843259512801216,AVG,1963,NL
2,0.11398455128554859,PA,1963,NL
3,0.07341916902085392,Pos_SS,1963,NL
4,0.060215956880239806,HR/PA,1963,NL
5,0.04376768929801286,RBI/PA,1963,NL
6,0.03232909981237411,FP,1963,NL
7,0.029749930370840397,ShO,1963,NL
8,0.021524323806836724,G_pit,1963,NL
9,0.017519415230396972,WHIP,1963,NL
0,0.5266003007894099,RBI/PA,1964,NL
1,0.18683662294287154,PA,1964,NL
2,0.1266041888975053,AVG,1964,NL
3,0.043837061512782785,FP,1964,NL
4,0.034903771593666,R/PA,1964,NL
5,0.02190236761749342,HR/PA,1964,NL
6,0.015202961392952505,Pos_3B,1964,NL
7,0.013421066182278223,Pos_RF,1964,NL
8,0.008698522425311635,SB,1964,NL
9,0.0049771774786362055,Pos_1B,1964,NL
0,0.3817507305325277,RBI/PA,1965,NL
1,0.15471761487500724,HR/PA,1965,NL
2,0.13880351053262632,R/PA,1965,NL
3,0.08115477575837839,AVG,1965,NL
4,0.047852514403847635,SB,1965,NL
5,0.030642184629222528,Pos_CF,1965,NL
6,0.028166126111245197,FP,1965,NL
7,0.025251600325310656,CG,1965,NL
8,0.022669941900184214,IP,1965,NL
9,0.019288213740107005,W_pit,1965,NL
0,0.30535438931872483,R/PA,1966,NL
1,0.20221825537064914,AVG,1966,NL
2,0.06708138643860241,K/9,1966,NL
3,0.05826540919158558,W_pit,1966,NL
4,0.05503366290667183,IP,1966,NL
5,0.04854921548921845,CG,1966,NL
6,0.04687257478340116,Pos_RF,1966,NL
7,0.04678685804155978,RBI/PA,1966,NL
8,0.037044471430255944,PA,1966,NL
9,0.03502447123542449,HR/PA,1966,NL
0,0.44890842182902924,RBI/PA,1967,NL
1,0.09317160800674901,PA,1967,NL
2,0.0929644271974587,R/PA,1967,NL
3,0.08397139068117014,FP,1967,NL
4,0.05206875411103747,AVG,1967,NL
5,0.04610934111407258,Pos_1B,1967,NL
6,0.03954538681056573,Pos_C,1967,NL
7,0.03432633629917418,SB,1967,NL
8,0.024667481982908707,HR/PA,1967,NL
9,0.01890832951944976,W_pit,1967,NL
0,0.2664314732254341,AVG,1968,NL
1,0.13701623340645258,R/PA,1968,NL
2,0.09608640532674653,ShO,1968,NL
3,0.09319791432109593,K/9,1968,NL
4,0.059544715832006656,PA,1968,NL
5,0.05477557099523994,RBI/PA,1968,NL
6,0.04440010191766133,FP,1968,NL
7,0.04412820033355765,HR/PA,1968,NL
8,0.039557477834972335,W_pit,1968,NL
9,0.03629801964559023,Playoffs,1968,NL
